SETTLEMENTDATE;PRICE/GIGA_WATT
01/06/2020 00:30;4.948800634
01/06/2020 01:00;5.046607927
01/06/2020 01:30;5.121255434
01/06/2020 02:00;5.321972491
01/06/2020 02:30;5.162552346
01/06/2020 03:00;4.70962206
01/06/2020 03:30;4.465003363
01/06/2020 04:00;4.454096364
01/06/2020 04:30;4.924631021
01/06/2020 05:00;4.805291263
01/06/2020 05:30;4.136020267
01/06/2020 06:00;1.848073112
01/06/2020 06:30;4.09580961
01/06/2020 07:00;4.705060328
01/06/2020 07:30;4.831765212
01/06/2020 08:00;4.821829863
01/06/2020 08:30;4.802164432
01/06/2020 09:00;4.50052078
01/06/2020 09:30;4.410930454
01/06/2020 10:00;4.686842716
01/06/2020 10:30;4.533028253
01/06/2020 11:00;4.638935533
01/06/2020 11:30;4.52607369
01/06/2020 12:00;4.617900395
01/06/2020 12:30;4.572334741
01/06/2020 13:00;4.620051292
01/06/2020 13:30;5.560978849
01/06/2020 14:00;4.655531887
01/06/2020 14:30;4.950301527
01/06/2020 15:00;4.930716261
01/06/2020 15:30;4.635868082
01/06/2020 16:00;4.152752702
01/06/2020 16:30;4.040480326
01/06/2020 17:00;4.223772398
01/06/2020 17:30;4.072526128
01/06/2020 18:00;4.466526931
01/06/2020 18:30;4.468942183
01/06/2020 19:00;4.053203172
01/06/2020 19:30;3.915668837
01/06/2020 20:00;4.055824371
01/06/2020 20:30;4.523300067
01/06/2020 21:00;4.327906154
01/06/2020 21:30;4.334331769
01/06/2020 22:00;4.450557963
01/06/2020 22:30;4.505673877
01/06/2020 23:00;4.630240814
01/06/2020 23:30;4.799752399
02/06/2020 00:00;4.843373464
02/06/2020 00:30;4.867040773
02/06/2020 01:00;4.978035408
02/06/2020 01:30;5.135821383
02/06/2020 02:00;4.491561537
02/06/2020 02:30;4.171891128
02/06/2020 03:00;4.091430463
02/06/2020 03:30;1.638212565
02/06/2020 04:00;2.299714713
02/06/2020 04:30;4.349937771
02/06/2020 05:00;2.156913579
02/06/2020 05:30;3.970005037
02/06/2020 06:00;4.422272864
02/06/2020 06:30;4.649164172
02/06/2020 07:00;5.200089672
02/06/2020 07:30;5.230405555
02/06/2020 08:00;8.126280968
02/06/2020 08:30;7.865118818
02/06/2020 09:00;6.10267381
02/06/2020 09:30;6.075041078
02/06/2020 10:00;5.622965983
02/06/2020 10:30;5.767759649
02/06/2020 11:00;5.246323506
02/06/2020 11:30;4.467225867
02/06/2020 12:00;4.242653301
02/06/2020 12:30;4.32741241
02/06/2020 13:00;4.387872762
02/06/2020 13:30;4.424977979
02/06/2020 14:00;4.393825982
02/06/2020 14:30;4.381041953
02/06/2020 15:00;4.324793454
02/06/2020 15:30;4.573882407
02/06/2020 16:00;4.292915126
02/06/2020 16:30;4.186789443
02/06/2020 17:00;5.154830662
02/06/2020 17:30;6.73590158
02/06/2020 18:00;6.353805941
02/06/2020 18:30;6.469846312
02/06/2020 19:00;4.689177294
02/06/2020 19:30;4.255261285
02/06/2020 20:00;3.884202447
02/06/2020 20:30;3.850784253
02/06/2020 21:00;3.784428881
02/06/2020 21:30;3.908578461
02/06/2020 22:00;3.946655332
02/06/2020 22:30;4.064480648
02/06/2020 23:00;4.074557575
02/06/2020 23:30;4.314932374
03/06/2020 00:00;4.503002001
03/06/2020 00:30;4.694789726
03/06/2020 01:00;4.666447667
03/06/2020 01:30;4.898050702
03/06/2020 02:00;4.886122567
03/06/2020 02:30;4.97254453
03/06/2020 03:00;4.711018025
03/06/2020 03:30;5.103739044
03/06/2020 04:00;4.162434257
03/06/2020 04:30;4.72678975
03/06/2020 05:00;4.428331842
03/06/2020 05:30;4.47748799
03/06/2020 06:00;4.67300338
03/06/2020 06:30;4.927767568
03/06/2020 07:00;5.013209729
03/06/2020 07:30;5.027972006
03/06/2020 08:00;5.836568078
03/06/2020 08:30;6.367223622
03/06/2020 09:00;4.740036949
03/06/2020 09:30;4.392766549
03/06/2020 10:00;4.664239285
03/06/2020 10:30;4.524433473
03/06/2020 11:00;4.660798778
03/06/2020 11:30;4.677999392
03/06/2020 12:00;4.675544391
03/06/2020 12:30;4.609531116
03/06/2020 13:00;4.203975527
03/06/2020 13:30;4.618370175
03/06/2020 14:00;4.827901889
03/06/2020 14:30;4.967778669
03/06/2020 15:00;4.881014925
03/06/2020 15:30;4.754852674
03/06/2020 16:00;4.867803866
03/06/2020 16:30;4.822186073
03/06/2020 17:00;7.035346936
03/06/2020 17:30;7.063368367
03/06/2020 18:00;13.71383988
03/06/2020 18:30;7.985586857
03/06/2020 19:00;6.018838218
03/06/2020 19:30;5.019398482
03/06/2020 20:00;4.755468983
03/06/2020 20:30;4.92168564
03/06/2020 21:00;4.883609835
03/06/2020 21:30;4.083516122
03/06/2020 22:00;4.190825361
03/06/2020 22:30;4.242992942
03/06/2020 23:00;4.288776885
03/06/2020 23:30;4.465517382
04/06/2020 00:00;4.590342445
04/06/2020 00:30;4.650832748
04/06/2020 01:00;4.859741135
04/06/2020 01:30;4.820031536
04/06/2020 02:00;5.134155147
04/06/2020 02:30;5.477104367
04/06/2020 03:00;5.409585985
04/06/2020 03:30;5.109324408
04/06/2020 04:00;4.922431299
04/06/2020 04:30;4.571070387
04/06/2020 05:00;4.595819053
04/06/2020 05:30;5.02807283
04/06/2020 06:00;4.796945831
04/06/2020 06:30;4.632288929
04/06/2020 07:00;5.664792311
04/06/2020 07:30;5.252860517
04/06/2020 08:00;5.086021921
04/06/2020 08:30;5.679459884
04/06/2020 09:00;4.196566295
04/06/2020 09:30;4.618624574
04/06/2020 10:00;4.571660559
04/06/2020 10:30;4.423338948
04/06/2020 11:00;4.556187041
04/06/2020 11:30;4.66494664
04/06/2020 12:00;4.608165031
04/06/2020 12:30;4.770910502
04/06/2020 13:00;4.711725469
04/06/2020 13:30;4.176859745
04/06/2020 14:00;4.837796658
04/06/2020 14:30;4.754111137
04/06/2020 15:00;4.521278873
04/06/2020 15:30;4.56006462
04/06/2020 16:00;4.507653369
04/06/2020 16:30;4.203124847
04/06/2020 17:00;5.435746661
04/06/2020 17:30;5.961402924
04/06/2020 18:00;17.28380206
04/06/2020 18:30;16.35158805
04/06/2020 19:00;6.794191088
04/06/2020 19:30;5.559048647
04/06/2020 20:00;4.910990622
04/06/2020 20:30;5.253063026
04/06/2020 21:00;5.167607658
04/06/2020 21:30;5.099487836
04/06/2020 22:00;4.946744137
04/06/2020 22:30;5.213929759
04/06/2020 23:00;4.821568028
04/06/2020 23:30;4.712621189
05/06/2020 00:00;4.626731435
05/06/2020 00:30;4.601049498
05/06/2020 01:00;4.608615878
05/06/2020 01:30;5.105189064
05/06/2020 02:00;4.988016625
05/06/2020 02:30;5.169149288
05/06/2020 03:00;5.519798171
05/06/2020 03:30;5.653978218
05/06/2020 04:00;5.659286953
05/06/2020 04:30;5.857420297
05/06/2020 05:00;5.410287106
05/06/2020 05:30;5.117802509
05/06/2020 06:00;5.241646087
05/06/2020 06:30;5.531904519
05/06/2020 07:00;14.85896738
05/06/2020 07:30;6.239194922
05/06/2020 08:00;20.407947
05/06/2020 08:30;18.53469518
05/06/2020 09:00;5.292352917
05/06/2020 09:30;5.9308411
05/06/2020 10:00;4.602669093
05/06/2020 10:30;5.189276846
05/06/2020 11:00;4.762611224
05/06/2020 11:30;4.709146663
05/06/2020 12:00;4.800870158
05/06/2020 12:30;4.88778093
05/06/2020 13:00;5.00482968
05/06/2020 13:30;5.034494879
05/06/2020 14:00;5.012667271
05/06/2020 14:30;4.974082274
05/06/2020 15:00;4.973091165
05/06/2020 15:30;4.874465213
05/06/2020 16:00;4.834556527
05/06/2020 16:30;4.597474936
05/06/2020 17:00;6.489787924
05/06/2020 17:30;9.747979782
05/06/2020 18:00;15.38987207
05/06/2020 18:30;7.361306921
05/06/2020 19:00;5.723337451
05/06/2020 19:30;5.377185167
05/06/2020 20:00;4.809355888
05/06/2020 20:30;5.636272915
05/06/2020 21:00;5.45418803
05/06/2020 21:30;4.972838516
05/06/2020 22:00;4.566676962
05/06/2020 22:30;6.457661657
05/06/2020 23:00;5.145545589
05/06/2020 23:30;5.110639249
06/06/2020 00:00;4.852296239
06/06/2020 00:30;5.168737198
06/06/2020 01:00;4.9583014
06/06/2020 01:30;4.77449016
06/06/2020 02:00;4.961370018
06/06/2020 02:30;5.394112212
06/06/2020 03:00;5.493508742
06/06/2020 03:30;5.500437389
06/06/2020 04:00;5.558500765
06/06/2020 04:30;5.595359349
06/06/2020 05:00;5.600538631
06/06/2020 05:30;5.555944461
06/06/2020 06:00;5.561364683
06/06/2020 06:30;5.296038943
06/06/2020 07:00;5.450807443
06/06/2020 07:30;4.990031888
06/06/2020 08:00;5.197572571
06/06/2020 08:30;5.333483169
06/06/2020 09:00;4.91977234
06/06/2020 09:30;4.630805009
06/06/2020 10:00;4.529854896
06/06/2020 10:30;4.725458144
06/06/2020 11:00;4.960862157
06/06/2020 11:30;5.170728546
06/06/2020 12:00;5.545627243
06/06/2020 12:30;5.569627479
06/06/2020 13:00;5.657340066
06/06/2020 13:30;5.718294782
06/06/2020 14:00;7.38933246
06/06/2020 14:30;5.625166698
06/06/2020 15:00;5.348147754
06/06/2020 15:30;5.143208168
06/06/2020 16:00;5.063770743
06/06/2020 16:30;4.821106212
06/06/2020 17:00;5.508709882
06/06/2020 17:30;5.617930857
06/06/2020 18:00;5.882148686
06/06/2020 18:30;5.728865876
06/06/2020 19:00;5.187989804
06/06/2020 19:30;5.182408405
06/06/2020 20:00;5.008457377
06/06/2020 20:30;5.383603939
06/06/2020 21:00;5.492759304
06/06/2020 21:30;5.008738188
06/06/2020 22:00;5.488780499
06/06/2020 22:30;5.680123906
06/06/2020 23:00;4.995918554
06/06/2020 23:30;4.833356618
07/06/2020 00:00;4.853683696
07/06/2020 00:30;5.214332371
07/06/2020 01:00;5.868615194
07/06/2020 01:30;5.922967175
07/06/2020 02:00;5.664589696
07/06/2020 02:30;6.052130267
07/06/2020 03:00;5.71290209
07/06/2020 03:30;5.7496325
07/06/2020 04:00;5.793591541
07/06/2020 04:30;5.944527943
07/06/2020 05:00;5.929013319
07/06/2020 05:30;5.825338209
07/06/2020 06:00;5.254333505
07/06/2020 06:30;5.463276525
07/06/2020 07:00;5.267255989
07/06/2020 07:30;5.726427636
07/06/2020 08:00;5.061124961
07/06/2020 08:30;4.949407478
07/06/2020 09:00;4.836220241
07/06/2020 09:30;5.273083657
07/06/2020 10:00;5.110352596
07/06/2020 10:30;5.189954657
07/06/2020 11:00;4.813522618
07/06/2020 11:30;4.983440899
07/06/2020 12:00;5.023615676
07/06/2020 12:30;5.143654443
07/06/2020 13:00;5.17547424
07/06/2020 13:30;5.270377398
07/06/2020 14:00;7.290825405
07/06/2020 14:30;6.240510349
07/06/2020 15:00;5.754257862
07/06/2020 15:30;6.983964942
07/06/2020 16:00;7.032137677
07/06/2020 16:30;6.571717341
07/06/2020 17:00;12.02829176
07/06/2020 17:30;17.22498424
07/06/2020 18:00;9.188059771
07/06/2020 18:30;9.461161814
07/06/2020 19:00;7.262484835
07/06/2020 19:30;6.638939628
07/06/2020 20:00;5.871406571
07/06/2020 20:30;5.708746457
07/06/2020 21:00;5.687944387
07/06/2020 21:30;6.115911931
07/06/2020 22:00;6.050257929
07/06/2020 22:30;5.836862287
07/06/2020 23:00;5.509086076
07/06/2020 23:30;5.683048147
08/06/2020 00:00;5.531009207
08/06/2020 00:30;5.985636543
08/06/2020 01:00;5.927004816
08/06/2020 01:30;6.128459559
08/06/2020 02:00;6.654408546
08/06/2020 02:30;6.84118643
08/06/2020 03:00;7.329723827
08/06/2020 03:30;7.215436708
08/06/2020 04:00;6.677483189
08/06/2020 04:30;7.537263933
08/06/2020 05:00;7.719968623
08/06/2020 05:30;7.542162147
08/06/2020 06:00;7.033254694
08/06/2020 06:30;6.421647934
08/06/2020 07:00;6.742623049
08/06/2020 07:30;6.181936797
08/06/2020 08:00;6.089376084
08/06/2020 08:30;6.126164616
08/06/2020 09:00;5.893029637
08/06/2020 09:30;5.885423965
08/06/2020 10:00;5.390389309
08/06/2020 10:30;5.412669041
08/06/2020 11:00;5.115588091
08/06/2020 11:30;5.970562579
08/06/2020 12:00;5.982746568
08/06/2020 12:30;5.85856268
08/06/2020 13:00;6.034635803
08/06/2020 13:30;6.335350452
08/06/2020 14:00;6.250737618
08/06/2020 14:30;6.350453003
08/06/2020 15:00;6.789124883
08/06/2020 15:30;6.465711248
08/06/2020 16:00;7.287830398
08/06/2020 16:30;11.47444323
08/06/2020 17:00;16.43918962
08/06/2020 17:30;21.52220602
08/06/2020 18:00;26.95588473
08/06/2020 18:30;9.532172637
08/06/2020 19:00;9.223213459
08/06/2020 19:30;6.953603645
08/06/2020 20:00;6.572854052
08/06/2020 20:30;6.68010986
08/06/2020 21:00;8.827068962
08/06/2020 21:30;7.547508524
08/06/2020 22:00;6.638245833
08/06/2020 22:30;6.219904623
08/06/2020 23:00;5.570242823
08/06/2020 23:30;6.166774877
09/06/2020 00:00;6.101562287
09/06/2020 00:30;5.631308257
09/06/2020 01:00;6.352393077
09/06/2020 01:30;6.10922059
09/06/2020 02:00;6.524513568
09/06/2020 02:30;6.298823255
09/06/2020 03:00;6.612558636
09/06/2020 03:30;6.286159158
09/06/2020 04:00;6.645581081
09/06/2020 04:30;6.582008369
09/06/2020 05:00;6.810072809
09/06/2020 05:30;6.897467454
09/06/2020 06:00;6.182908684
09/06/2020 06:30;7.364921873
09/06/2020 07:00;11.8807366
09/06/2020 07:30;10.26161659
09/06/2020 08:00;9.914100258
09/06/2020 08:30;17.75128745
09/06/2020 09:00;7.777489645
09/06/2020 09:30;9.007547383
09/06/2020 10:00;6.805057686
09/06/2020 10:30;12.7105137
09/06/2020 11:00;8.453970791
09/06/2020 11:30;7.75397695
09/06/2020 12:00;9.3402996
09/06/2020 12:30;8.334451462
09/06/2020 13:00;7.406144205
09/06/2020 13:30;6.941330232
09/06/2020 14:00;6.594295765
09/06/2020 14:30;7.127109693
09/06/2020 15:00;7.200442665
09/06/2020 15:30;6.48841263
09/06/2020 16:00;6.855457016
09/06/2020 16:30;8.304298455
09/06/2020 17:00;23.14944756
09/06/2020 17:30;8.776814589
09/06/2020 18:00;202.6119785
09/06/2020 18:30;10.23110722
09/06/2020 19:00;5.984758416
09/06/2020 19:30;14.55788194
09/06/2020 20:00;8.223914214
09/06/2020 20:30;6.502069394
09/06/2020 21:00;6.623722915
09/06/2020 21:30;6.154665739
09/06/2020 22:00;5.717287355
09/06/2020 22:30;6.195387521
09/06/2020 23:00;5.57621255
09/06/2020 23:30;5.508343858
10/06/2020 00:00;5.479152227
10/06/2020 00:30;5.585158798
10/06/2020 01:00;5.836706853
10/06/2020 01:30;6.04706738
10/06/2020 02:00;6.124240324
10/06/2020 02:30;6.664372948
10/06/2020 03:00;6.7532626
10/06/2020 03:30;6.871157576
10/06/2020 04:00;6.863064154
10/06/2020 04:30;6.789187534
10/06/2020 05:00;6.240124591
10/06/2020 05:30;6.915595132
10/06/2020 06:00;5.582974964
10/06/2020 06:30;6.346984548
10/06/2020 07:00;7.2429498
10/06/2020 07:30;9.576738504
10/06/2020 08:00;18.76997908
10/06/2020 08:30;26.83214636
10/06/2020 09:00;15.64343962
10/06/2020 09:30;13.91077466
10/06/2020 10:00;12.96286245
10/06/2020 10:30;9.934395501
10/06/2020 11:00;8.656887154
10/06/2020 11:30;9.289616258
10/06/2020 12:00;8.612283408
10/06/2020 12:30;9.908297945
10/06/2020 13:00;9.973027212
10/06/2020 13:30;9.761172426
10/06/2020 14:00;9.503806059
10/06/2020 14:30;8.737676177
10/06/2020 15:00;8.010836844
10/06/2020 15:30;9.142939177
10/06/2020 16:00;7.95089315
10/06/2020 16:30;8.099969539
10/06/2020 17:00;19.72216803
10/06/2020 17:30;7.02831785
10/06/2020 18:00;105.4654122
10/06/2020 18:30;36.57440292
10/06/2020 19:00;22.10392659
10/06/2020 19:30;16.04262117
10/06/2020 20:00;10.03812631
10/06/2020 20:30;7.617901181
10/06/2020 21:00;7.315746006
10/06/2020 21:30;7.289222829
10/06/2020 22:00;6.346190689
10/06/2020 22:30;6.70397905
10/06/2020 23:00;6.33637335
10/06/2020 23:30;5.962183961
11/06/2020 00:00;5.943687015
11/06/2020 00:30;6.775473863
11/06/2020 01:00;6.94583694
11/06/2020 01:30;7.559724549
11/06/2020 02:00;7.762868947
11/06/2020 02:30;7.837447199
11/06/2020 03:00;7.837455276
11/06/2020 03:30;7.652676663
11/06/2020 04:00;7.189689641
11/06/2020 04:30;7.279602788
11/06/2020 05:00;7.141998959
11/06/2020 05:30;7.380326647
11/06/2020 06:00;6.730055456
11/06/2020 06:30;6.380461957
11/06/2020 07:00;12.49227821
11/06/2020 07:30;21.48709641
11/06/2020 08:00;31.81825941
11/06/2020 08:30;31.62310664
11/06/2020 09:00;12.79919716
11/06/2020 09:30;14.49349608
11/06/2020 10:00;8.626173336
11/06/2020 10:30;6.532533273
11/06/2020 11:00;6.043261726
11/06/2020 11:30;6.343143825
11/06/2020 12:00;6.805396908
11/06/2020 12:30;5.881147676
11/06/2020 13:00;5.87393159
11/06/2020 13:30;5.591559288
11/06/2020 14:00;6.172847571
11/06/2020 14:30;5.814887147
11/06/2020 15:00;6.235888614
11/06/2020 15:30;6.144749067
11/06/2020 16:00;7.280900899
11/06/2020 16:30;6.558727363
11/06/2020 17:00;8.628929139
11/06/2020 17:30;8.234517108
11/06/2020 18:00;16.4635159
11/06/2020 18:30;14.67878757
11/06/2020 19:00;6.079242354
11/06/2020 19:30;5.674412322
11/06/2020 20:00;5.946725782
11/06/2020 20:30;5.247764615
11/06/2020 21:00;4.89535066
11/06/2020 21:30;5.212026347
11/06/2020 22:00;5.045673534
11/06/2020 22:30;5.247716605
11/06/2020 23:00;5.299944951
11/06/2020 23:30;5.233333051
12/06/2020 00:00;5.498012539
12/06/2020 00:30;5.455070674
12/06/2020 01:00;5.64978926
12/06/2020 01:30;5.666426099
12/06/2020 02:00;5.171921623
12/06/2020 02:30;5.228540528
12/06/2020 03:00;4.110783301
12/06/2020 03:30;4.796471643
12/06/2020 04:00;5.633368925
12/06/2020 04:30;5.02573085
12/06/2020 05:00;5.224082113
12/06/2020 05:30;5.141955301
12/06/2020 06:00;4.78756446
12/06/2020 06:30;4.767690823
12/06/2020 07:00;5.30427503
12/06/2020 07:30;6.338511365
12/06/2020 08:00;8.344316877
12/06/2020 08:30;6.11949382
12/06/2020 09:00;5.956693403
12/06/2020 09:30;5.954315931
12/06/2020 10:00;6.378706669
12/06/2020 10:30;6.88682367
12/06/2020 11:00;6.8861172
12/06/2020 11:30;6.34602037
12/06/2020 12:00;5.289361607
12/06/2020 12:30;5.2706893
12/06/2020 13:00;5.211081249
12/06/2020 13:30;5.331844938
12/06/2020 14:00;5.502827498
12/06/2020 14:30;5.730070475
12/06/2020 15:00;6.03650026
12/06/2020 15:30;5.841203743
12/06/2020 16:00;6.407490531
12/06/2020 16:30;6.084630598
12/06/2020 17:00;6.3534067
12/06/2020 17:30;5.275659876
12/06/2020 18:00;5.899434335
12/06/2020 18:30;5.096768695
12/06/2020 19:00;4.570342771
12/06/2020 19:30;4.447091642
12/06/2020 20:00;4.322159948
12/06/2020 20:30;4.165403549
12/06/2020 21:00;4.101460671
12/06/2020 21:30;4.214147637
12/06/2020 22:00;4.209450199
12/06/2020 22:30;4.336540968
12/06/2020 23:00;3.996784866
12/06/2020 23:30;4.526573273
13/06/2020 00:00;5.05302199
13/06/2020 00:30;5.187509676
13/06/2020 01:00;5.323566067
13/06/2020 01:30;5.17801292
13/06/2020 02:00;4.182501751
13/06/2020 02:30;4.127513209
13/06/2020 03:00;3.494107271
13/06/2020 03:30;3.977691
13/06/2020 04:00;3.941236396
13/06/2020 04:30;2.722867735
13/06/2020 05:00;3.638235852
13/06/2020 05:30;4.71506817
13/06/2020 06:00;4.678661692
13/06/2020 06:30;4.578092829
13/06/2020 07:00;4.542934306
13/06/2020 07:30;4.640263782
13/06/2020 08:00;4.825795474
13/06/2020 08:30;4.58944025
13/06/2020 09:00;4.678274182
13/06/2020 09:30;4.66575683
13/06/2020 10:00;4.678234921
13/06/2020 10:30;4.808200561
13/06/2020 11:00;4.779786075
13/06/2020 11:30;4.725676082
13/06/2020 12:00;4.837817786
13/06/2020 12:30;5.078875619
13/06/2020 13:00;5.264091297
13/06/2020 13:30;5.331950237
13/06/2020 14:00;5.447943607
13/06/2020 14:30;5.160685614
13/06/2020 15:00;5.094155559
13/06/2020 15:30;4.963121252
13/06/2020 16:00;5.038025002
13/06/2020 16:30;4.582681874
13/06/2020 17:00;4.985593726
13/06/2020 17:30;4.59579884
13/06/2020 18:00;5.009647704
13/06/2020 18:30;4.396218042
13/06/2020 19:00;4.229572395
13/06/2020 19:30;4.283577278
13/06/2020 20:00;4.330139504
13/06/2020 20:30;4.422944668
13/06/2020 21:00;4.572553243
13/06/2020 21:30;4.67318161
13/06/2020 22:00;4.656243312
13/06/2020 22:30;4.516171714
13/06/2020 23:00;4.093404871
13/06/2020 23:30;4.789148049
14/06/2020 00:00;4.784342248
14/06/2020 00:30;4.437644912
14/06/2020 01:00;4.64037123
14/06/2020 01:30;4.024314536
14/06/2020 02:00;3.381094888
14/06/2020 02:30;2.865316061
14/06/2020 03:00;1.959357969
14/06/2020 03:30;1.128518761
14/06/2020 04:00;0
14/06/2020 04:30;0
14/06/2020 05:00;2.385108886
14/06/2020 05:30;3.98621255
14/06/2020 06:00;2.905525409
14/06/2020 06:30;3.547040552
14/06/2020 07:00;3.939451341
14/06/2020 07:30;4.662441867
14/06/2020 08:00;4.704367494
14/06/2020 08:30;5.174527354
14/06/2020 09:00;4.751699031
14/06/2020 09:30;4.856322203
14/06/2020 10:00;4.762499984
14/06/2020 10:30;4.474708687
14/06/2020 11:00;4.417630272
14/06/2020 11:30;4.243566033
14/06/2020 12:00;2.511869758
14/06/2020 12:30;4.582288536
14/06/2020 13:00;4.872448097
14/06/2020 13:30;4.672577875
14/06/2020 14:00;4.686818776
14/06/2020 14:30;5.541404786
14/06/2020 15:00;5.482821574
14/06/2020 15:30;5.389791052
14/06/2020 16:00;5.046676341
14/06/2020 16:30;4.383812944
14/06/2020 17:00;5.515621834
14/06/2020 17:30;6.16670092
14/06/2020 18:00;10.17196107
14/06/2020 18:30;5.342762105
14/06/2020 19:00;4.496363143
14/06/2020 19:30;4.330003548
14/06/2020 20:00;4.198712148
14/06/2020 20:30;4.263575362
14/06/2020 21:00;4.281627381
14/06/2020 21:30;4.428438198
14/06/2020 22:00;4.357020366
14/06/2020 22:30;4.64999095
14/06/2020 23:00;4.362652645
14/06/2020 23:30;4.158328922
15/06/2020 00:00;4.309773767
15/06/2020 00:30;4.314476167
15/06/2020 01:00;4.264936696
15/06/2020 01:30;3.694561919
15/06/2020 02:00;3.644346872
15/06/2020 02:30;1.858792514
15/06/2020 03:00;1.861561321
15/06/2020 03:30;1.372530748
15/06/2020 04:00;0.282459581
15/06/2020 04:30;1.804402173
15/06/2020 05:00;3.518962871
15/06/2020 05:30;3.494051897
15/06/2020 06:00;2.535453013
15/06/2020 06:30;4.25413737
15/06/2020 07:00;4.433563719
15/06/2020 07:30;4.219670782
15/06/2020 08:00;4.315889987
15/06/2020 08:30;4.211912083
15/06/2020 09:00;4.021499143
15/06/2020 09:30;4.137428073
15/06/2020 10:00;4.323658683
15/06/2020 10:30;4.519238945
15/06/2020 11:00;4.658271807
15/06/2020 11:30;4.033786413
15/06/2020 12:00;4.132029654
15/06/2020 12:30;4.129795798
15/06/2020 13:00;4.177056949
15/06/2020 13:30;4.210426906
15/06/2020 14:00;4.286957917
15/06/2020 14:30;4.255881437
15/06/2020 15:00;4.203336739
15/06/2020 15:30;4.088246134
15/06/2020 16:00;4.009028532
15/06/2020 16:30;3.935219872
15/06/2020 17:00;4.196129311
15/06/2020 17:30;4.597499048
15/06/2020 18:00;4.931832462
15/06/2020 18:30;4.199052726
15/06/2020 19:00;3.933926234
15/06/2020 19:30;3.889309015
15/06/2020 20:00;4.06922462
15/06/2020 20:30;4.057008521
15/06/2020 21:00;3.998476566
15/06/2020 21:30;4.187732667
15/06/2020 22:00;4.066868707
15/06/2020 22:30;4.446084267
15/06/2020 23:00;4.302358672
15/06/2020 23:30;4.66463082
16/06/2020 00:00;4.638529824
16/06/2020 00:30;5.036699409
16/06/2020 01:00;4.899509531
16/06/2020 01:30;4.540749891
16/06/2020 02:00;4.464279554
16/06/2020 02:30;3.959730773
16/06/2020 03:00;2.725772475
16/06/2020 03:30;3.135764921
16/06/2020 04:00;3.382052269
16/06/2020 04:30;4.559108306
16/06/2020 05:00;4.673965008
16/06/2020 05:30;5.007553333
16/06/2020 06:00;4.50468764
16/06/2020 06:30;4.824499725
16/06/2020 07:00;4.646726699
16/06/2020 07:30;4.274593306
16/06/2020 08:00;4.18084759
16/06/2020 08:30;3.921886159
16/06/2020 09:00;3.890999449
16/06/2020 09:30;3.851538628
16/06/2020 10:00;3.732916959
16/06/2020 10:30;3.778094429
16/06/2020 11:00;3.947445419
16/06/2020 11:30;4.157753923
16/06/2020 12:00;4.26589212
16/06/2020 12:30;4.121230495
16/06/2020 13:00;4.318481902
16/06/2020 13:30;4.343341706
16/06/2020 14:00;4.334848098
16/06/2020 14:30;4.28424847
16/06/2020 15:00;4.15471863
16/06/2020 15:30;4.634956711
16/06/2020 16:00;4.702014885
16/06/2020 16:30;4.240785508
16/06/2020 17:00;4.363702497
16/06/2020 17:30;4.770024699
16/06/2020 18:00;14.26372975
16/06/2020 18:30;5.727068145
16/06/2020 19:00;5.325546783
16/06/2020 19:30;4.711999431
16/06/2020 20:00;4.401589736
16/06/2020 20:30;4.346467816
16/06/2020 21:00;4.230327586
16/06/2020 21:30;4.265536598
16/06/2020 22:00;4.316090786
16/06/2020 22:30;4.561726477
16/06/2020 23:00;4.252321103
16/06/2020 23:30;4.183872149
17/06/2020 00:00;4.1158514
17/06/2020 00:30;4.879627869
17/06/2020 01:00;4.997949886
17/06/2020 01:30;5.138674814
17/06/2020 02:00;5.320714866
17/06/2020 02:30;5.23361129
17/06/2020 03:00;5.519197334
17/06/2020 03:30;5.603630664
17/06/2020 04:00;5.673183161
17/06/2020 04:30;5.487532856
17/06/2020 05:00;5.201219105
17/06/2020 05:30;5.113293574
17/06/2020 06:00;5.736290319
17/06/2020 06:30;6.311062638
17/06/2020 07:00;17.03619942
17/06/2020 07:30;6.716187004
17/06/2020 08:00;6.601779531
17/06/2020 08:30;7.796637289
17/06/2020 09:00;5.218838745
17/06/2020 09:30;5.040162444
17/06/2020 10:00;6.449051385
17/06/2020 10:30;5.492120876
17/06/2020 11:00;5.061215257
17/06/2020 11:30;5.427291424
17/06/2020 12:00;5.453056894
17/06/2020 12:30;4.326087032
17/06/2020 13:00;4.528593207
17/06/2020 13:30;4.902118802
17/06/2020 14:00;4.912321836
17/06/2020 14:30;4.688743694
17/06/2020 15:00;4.814439024
17/06/2020 15:30;4.973387721
17/06/2020 16:00;5.523418868
17/06/2020 16:30;5.325607718
17/06/2020 17:00;4.910790094
17/06/2020 17:30;12.83837431
17/06/2020 18:00;26.98578095
17/06/2020 18:30;16.36251441
17/06/2020 19:00;4.658051835
17/06/2020 19:30;4.534611864
17/06/2020 20:00;4.30094116
17/06/2020 20:30;4.116677136
17/06/2020 21:00;4.544445312
17/06/2020 21:30;4.669780561
17/06/2020 22:00;4.187561048
17/06/2020 22:30;4.522903873
17/06/2020 23:00;4.20277397
17/06/2020 23:30;4.551461918
18/06/2020 00:00;4.706435059
18/06/2020 00:30;4.547064345
18/06/2020 01:00;4.702714478
18/06/2020 01:30;4.564356384
18/06/2020 02:00;4.189072679
18/06/2020 02:30;4.147411334
18/06/2020 03:00;4.127306566
18/06/2020 03:30;3.852058028
18/06/2020 04:00;3.840135671
18/06/2020 04:30;3.708359139
18/06/2020 05:00;4.21454039
18/06/2020 05:30;4.046829028
18/06/2020 06:00;3.856594641
18/06/2020 06:30;5.322889547
18/06/2020 07:00;4.696925544
18/06/2020 07:30;4.327715674
18/06/2020 08:00;5.732061713
18/06/2020 08:30;5.268852466
18/06/2020 09:00;3.917562001
18/06/2020 09:30;4.182235245
18/06/2020 10:00;4.132279478
18/06/2020 10:30;4.086461943
18/06/2020 11:00;4.304155351
18/06/2020 11:30;4.221195219
18/06/2020 12:00;4.183668998
18/06/2020 12:30;4.14141702
18/06/2020 13:00;4.183931778
18/06/2020 13:30;4.122352455
18/06/2020 14:00;3.972521367
18/06/2020 14:30;4.053916969
18/06/2020 15:00;4.030191434
18/06/2020 15:30;4.326984209
18/06/2020 16:00;4.460758765
18/06/2020 16:30;4.157111711
18/06/2020 17:00;5.018004093
18/06/2020 17:30;4.83596967
18/06/2020 18:00;8.689129036
18/06/2020 18:30;5.026363771
18/06/2020 19:00;4.399399456
18/06/2020 19:30;3.835407014
18/06/2020 20:00;3.845081378
18/06/2020 20:30;3.801339805
18/06/2020 21:00;3.69618238
18/06/2020 21:30;3.774488803
18/06/2020 22:00;3.944383429
18/06/2020 22:30;4.097970181
18/06/2020 23:00;3.785162118
18/06/2020 23:30;3.901716378
19/06/2020 00:00;4.065123008
19/06/2020 00:30;3.911610555
19/06/2020 01:00;3.896852992
19/06/2020 01:30;3.916542872
19/06/2020 02:00;4.379689109
19/06/2020 02:30;3.89572873
19/06/2020 03:00;3.327044667
19/06/2020 03:30;2.558968968
19/06/2020 04:00;1.651351711
19/06/2020 04:30;3.034923678
19/06/2020 05:00;3.633846185
19/06/2020 05:30;3.92699054
19/06/2020 06:00;3.540880718
19/06/2020 06:30;4.702740223
19/06/2020 07:00;4.129804541
19/06/2020 07:30;4.047572957
19/06/2020 08:00;3.850037994
19/06/2020 08:30;3.975908554
19/06/2020 09:00;3.911323987
19/06/2020 09:30;4.013966814
19/06/2020 10:00;3.961693964
19/06/2020 10:30;3.933178701
19/06/2020 11:00;4.144890756
19/06/2020 11:30;4.057699596
19/06/2020 12:00;4.139852531
19/06/2020 12:30;4.150031859
19/06/2020 13:00;4.182856963
19/06/2020 13:30;4.244871279
19/06/2020 14:00;4.326098899
19/06/2020 14:30;4.336507701
19/06/2020 15:00;4.361298169
19/06/2020 15:30;4.22635494
19/06/2020 16:00;4.543153908
19/06/2020 16:30;4.430204272
19/06/2020 17:00;4.390237016
19/06/2020 17:30;4.123378514
19/06/2020 18:00;5.227175879
19/06/2020 18:30;4.007203786
19/06/2020 19:00;3.714966176
19/06/2020 19:30;3.813399669
19/06/2020 20:00;3.831433495
19/06/2020 20:30;3.973514107
19/06/2020 21:00;3.915959544
19/06/2020 21:30;4.142233477
19/06/2020 22:00;4.054624111
19/06/2020 22:30;4.153738927
19/06/2020 23:00;4.183073714
19/06/2020 23:30;4.161553458
20/06/2020 00:00;4.251275743
20/06/2020 00:30;4.170386195
20/06/2020 01:00;4.001980572
20/06/2020 01:30;4.488971198
20/06/2020 02:00;4.697581355
20/06/2020 02:30;5.077546963
20/06/2020 03:00;5.02198129
20/06/2020 03:30;4.90050535
20/06/2020 04:00;4.927584588
20/06/2020 04:30;5.025039659
20/06/2020 05:00;5.135658009
20/06/2020 05:30;5.185597426
20/06/2020 06:00;4.619013545
20/06/2020 06:30;4.8442946
20/06/2020 07:00;5.750640226
20/06/2020 07:30;4.725035911
20/06/2020 08:00;6.058136964
20/06/2020 08:30;5.055479791
20/06/2020 09:00;4.569716501
20/06/2020 09:30;4.444185419
20/06/2020 10:00;4.484182612
20/06/2020 10:30;4.545421275
20/06/2020 11:00;4.562631676
20/06/2020 11:30;4.408135111
20/06/2020 12:00;4.108426615
20/06/2020 12:30;4.612740812
20/06/2020 13:00;4.828709105
20/06/2020 13:30;4.541244443
20/06/2020 14:00;4.724257343
20/06/2020 14:30;4.750346452
20/06/2020 15:00;4.553562405
20/06/2020 15:30;4.636029938
20/06/2020 16:00;4.762543858
20/06/2020 16:30;4.645004608
20/06/2020 17:00;4.436747164
20/06/2020 17:30;4.925184209
20/06/2020 18:00;5.35377439
20/06/2020 18:30;4.095010051
20/06/2020 19:00;3.946461537
20/06/2020 19:30;4.15114907
20/06/2020 20:00;4.104068971
20/06/2020 20:30;4.000900655
20/06/2020 21:00;4.006415828
20/06/2020 21:30;4.206848755
20/06/2020 22:00;4.275417253
20/06/2020 22:30;4.47904666
20/06/2020 23:00;4.175640415
20/06/2020 23:30;4.32620248
21/06/2020 00:00;4.452622556
21/06/2020 00:30;4.45665308
21/06/2020 01:00;4.666831711
21/06/2020 01:30;4.718570474
21/06/2020 02:00;4.471363729
21/06/2020 02:30;4.587316488
21/06/2020 03:00;2.234121499
21/06/2020 03:30;1.59352684
21/06/2020 04:00;3.433497063
21/06/2020 04:30;3.518527552
21/06/2020 05:00;3.208550942
21/06/2020 05:30;3.758770597
21/06/2020 06:00;4.190304987
21/06/2020 06:30;4.450928886
21/06/2020 07:00;4.591554143
21/06/2020 07:30;4.398137616
21/06/2020 08:00;4.431020572
21/06/2020 08:30;4.790992933
21/06/2020 09:00;4.85353492
21/06/2020 09:30;4.521783133
21/06/2020 10:00;4.382381944
21/06/2020 10:30;4.406163969
21/06/2020 11:00;4.519438968
21/06/2020 11:30;4.20912885
21/06/2020 12:00;4.205601894
21/06/2020 12:30;4.065062698
21/06/2020 13:00;2.879807315
21/06/2020 13:30;4.431115735
21/06/2020 14:00;4.406245339
21/06/2020 14:30;4.435369095
21/06/2020 15:00;4.800578088
21/06/2020 15:30;4.796647884
21/06/2020 16:00;4.597179156
21/06/2020 16:30;4.627509723
21/06/2020 17:00;4.523271433
21/06/2020 17:30;4.301252218
21/06/2020 18:00;4.85507862
21/06/2020 18:30;4.630127294
21/06/2020 19:00;4.339234441
21/06/2020 19:30;3.933038542
21/06/2020 20:00;3.995405805
21/06/2020 20:30;3.97827667
21/06/2020 21:00;4.025973743
21/06/2020 21:30;3.785762979
21/06/2020 22:00;3.888083634
21/06/2020 22:30;4.000242151
21/06/2020 23:00;4.069041498
21/06/2020 23:30;4.147275018
22/06/2020 00:00;4.657969043
22/06/2020 00:30;4.603022598
22/06/2020 01:00;4.496387002
22/06/2020 01:30;4.421262354
22/06/2020 02:00;4.573960483
22/06/2020 02:30;4.515768089
22/06/2020 03:00;4.250142627
22/06/2020 03:30;3.462670371
22/06/2020 04:00;3.08490662
22/06/2020 04:30;3.310985704
22/06/2020 05:00;4.249839213
22/06/2020 05:30;4.597661955
22/06/2020 06:00;3.91564159
22/06/2020 06:30;4.326159774
22/06/2020 07:00;4.283731897
22/06/2020 07:30;4.947289458
22/06/2020 08:00;9.876946945
22/06/2020 08:30;6.620906607
22/06/2020 09:00;12.584835
22/06/2020 09:30;6.456473932
22/06/2020 10:00;4.553166587
22/06/2020 10:30;4.180615608
22/06/2020 11:00;4.285288626
22/06/2020 11:30;4.404371798
22/06/2020 12:00;4.364239473
22/06/2020 12:30;4.488397457
22/06/2020 13:00;4.302842371
22/06/2020 13:30;4.191566768
22/06/2020 14:00;4.244033083
22/06/2020 14:30;4.446712688
22/06/2020 15:00;4.349260695
22/06/2020 15:30;4.424100272
22/06/2020 16:00;4.173960315
22/06/2020 16:30;3.760845929
22/06/2020 17:00;4.404902298
22/06/2020 17:30;4.641648334
22/06/2020 18:00;4.904291063
22/06/2020 18:30;4.704177333
22/06/2020 19:00;3.557199036
22/06/2020 19:30;3.292468357
22/06/2020 20:00;3.293921689
22/06/2020 20:30;3.677644217
22/06/2020 21:00;3.713040347
22/06/2020 21:30;3.756237203
22/06/2020 22:00;3.796240534
22/06/2020 22:30;4.173373116
22/06/2020 23:00;3.99566482
22/06/2020 23:30;4.348890572
23/06/2020 00:00;4.66595626
23/06/2020 00:30;4.447778148
23/06/2020 01:00;4.215277913
23/06/2020 01:30;4.185192912
23/06/2020 02:00;3.943733831
23/06/2020 02:30;4.305587561
23/06/2020 03:00;3.856332913
23/06/2020 03:30;4.232850782
23/06/2020 04:00;2.891400229
23/06/2020 04:30;3.349651404
23/06/2020 05:00;2.622168566
23/06/2020 05:30;3.232288531
23/06/2020 06:00;3.348278864
23/06/2020 06:30;4.456058729
23/06/2020 07:00;4.798121857
23/06/2020 07:30;4.655660349
23/06/2020 08:00;4.568585004
23/06/2020 08:30;4.876536676
23/06/2020 09:00;3.917886602
23/06/2020 09:30;3.851772076
23/06/2020 10:00;3.842203211
23/06/2020 10:30;4.291422462
23/06/2020 11:00;4.222026841
23/06/2020 11:30;4.411962857
23/06/2020 12:00;4.44746331
23/06/2020 12:30;4.502998017
23/06/2020 13:00;4.413972778
23/06/2020 13:30;4.571365073
23/06/2020 14:00;4.48110258
23/06/2020 14:30;4.406561295
23/06/2020 15:00;4.371236055
23/06/2020 15:30;4.295499271
23/06/2020 16:00;4.178233001
23/06/2020 16:30;4.044364845
23/06/2020 17:00;4.622817934
23/06/2020 17:30;7.600824018
23/06/2020 18:00;21.1087445
23/06/2020 18:30;4.707814973
23/06/2020 19:00;4.253650372
23/06/2020 19:30;3.589562857
23/06/2020 20:00;3.368200445
23/06/2020 20:30;3.551042142
23/06/2020 21:00;3.490191923
23/06/2020 21:30;3.663064248
23/06/2020 22:00;3.635150807
23/06/2020 22:30;4.030751522
23/06/2020 23:00;3.999102353
23/06/2020 23:30;4.209217014
24/06/2020 00:00;4.316060722
24/06/2020 00:30;4.421153555
24/06/2020 01:00;4.469795003
24/06/2020 01:30;4.391805425
24/06/2020 02:00;4.267029862
24/06/2020 02:30;4.391582313
24/06/2020 03:00;4.448557578
24/06/2020 03:30;4.474499201
24/06/2020 04:00;4.268313893
24/06/2020 04:30;4.144135038
24/06/2020 05:00;3.95634997
24/06/2020 05:30;4.455244488
24/06/2020 06:00;4.429803185
24/06/2020 06:30;4.436544958
24/06/2020 07:00;5.513438283
24/06/2020 07:30;9.292107324
24/06/2020 08:00;12.73423857
24/06/2020 08:30;5.387532197
24/06/2020 09:00;4.937652013
24/06/2020 09:30;4.686873547
24/06/2020 10:00;4.202140285
24/06/2020 10:30;4.325780417
24/06/2020 11:00;4.251017077
24/06/2020 11:30;4.410242924
24/06/2020 12:00;4.514317086
24/06/2020 12:30;4.571794682
24/06/2020 13:00;4.568046042
24/06/2020 13:30;4.523159993
24/06/2020 14:00;4.596397253
24/06/2020 14:30;4.508015816
24/06/2020 15:00;4.520202254
24/06/2020 15:30;4.608490524
24/06/2020 16:00;4.533522177
24/06/2020 16:30;4.754627271
24/06/2020 17:00;4.597059917
24/06/2020 17:30;6.671497487
24/06/2020 18:00;15.35257474
24/06/2020 18:30;6.288789734
24/06/2020 19:00;5.047039014
24/06/2020 19:30;4.86688871
24/06/2020 20:00;4.267201745
24/06/2020 20:30;4.51127675
24/06/2020 21:00;4.371634355
24/06/2020 21:30;4.054989413
24/06/2020 22:00;3.927807096
24/06/2020 22:30;4.136306272
24/06/2020 23:00;3.977125381
24/06/2020 23:30;4.120486482
25/06/2020 00:00;4.399270068
25/06/2020 00:30;4.519668238
25/06/2020 01:00;4.263480916
25/06/2020 01:30;4.191293098
25/06/2020 02:00;4.294385353
25/06/2020 02:30;4.2553711
25/06/2020 03:00;4.135838244
25/06/2020 03:30;3.87067989
25/06/2020 04:00;4.247689166
25/06/2020 04:30;4.465931905
25/06/2020 05:00;4.632147883
25/06/2020 05:30;5.18768377
25/06/2020 06:00;4.288112571
25/06/2020 06:30;4.289957359
25/06/2020 07:00;4.268888826
25/06/2020 07:30;4.854506656
25/06/2020 08:00;4.109408871
25/06/2020 08:30;4.219977948
25/06/2020 09:00;3.893268266
25/06/2020 09:30;4.01915378
25/06/2020 10:00;4.398193855
25/06/2020 10:30;4.172301382
25/06/2020 11:00;4.270316876
25/06/2020 11:30;4.162598964
25/06/2020 12:00;4.269604207
25/06/2020 12:30;4.34198128
25/06/2020 13:00;4.420940179
25/06/2020 13:30;4.584141964
25/06/2020 14:00;4.498308393
25/06/2020 14:30;4.434970385
25/06/2020 15:00;4.34622586
25/06/2020 15:30;4.545372384
25/06/2020 16:00;4.529806332
25/06/2020 16:30;4.149133133
25/06/2020 17:00;4.150274171
25/06/2020 17:30;4.525084501
25/06/2020 18:00;5.576979433
25/06/2020 18:30;8.94055771
25/06/2020 19:00;4.274020627
25/06/2020 19:30;4.025109189
25/06/2020 20:00;4.206617322
25/06/2020 20:30;3.873910909
25/06/2020 21:00;4.125832508
25/06/2020 21:30;4.369881956
25/06/2020 22:00;3.89469579
25/06/2020 22:30;4.13610231
25/06/2020 23:00;4.157446597
25/06/2020 23:30;4.455664594
26/06/2020 00:00;4.453458129
26/06/2020 00:30;4.798514559
26/06/2020 01:00;4.500756797
26/06/2020 01:30;4.453243425
26/06/2020 02:00;4.378464309
26/06/2020 02:30;4.500498055
26/06/2020 03:00;4.633623516
26/06/2020 03:30;4.852619932
26/06/2020 04:00;4.943553658
26/06/2020 04:30;5.121056198
26/06/2020 05:00;5.094532188
26/06/2020 05:30;5.219520982
26/06/2020 06:00;5.241550325
26/06/2020 06:30;5.910065725
26/06/2020 07:00;5.782929426
26/06/2020 07:30;5.597214253
26/06/2020 08:00;11.60692802
26/06/2020 08:30;7.932112686
26/06/2020 09:00;4.179869944
26/06/2020 09:30;3.930288289
26/06/2020 10:00;3.926344098
26/06/2020 10:30;4.676264985
26/06/2020 11:00;4.449180611
26/06/2020 11:30;4.450186449
26/06/2020 12:00;4.278445023
26/06/2020 12:30;4.179431183
26/06/2020 13:00;4.264513195
26/06/2020 13:30;4.498994919
26/06/2020 14:00;4.526036254
26/06/2020 14:30;4.7022537
26/06/2020 15:00;4.791536563
26/06/2020 15:30;4.614637988
26/06/2020 16:00;4.721708339
26/06/2020 16:30;4.278311018
26/06/2020 17:00;4.363507289
26/06/2020 17:30;4.8414723
26/06/2020 18:00;10.35402504
26/06/2020 18:30;4.844726603
26/06/2020 19:00;4.898935525
26/06/2020 19:30;4.322785292
26/06/2020 20:00;4.344176246
26/06/2020 20:30;4.096107112
26/06/2020 21:00;4.629023445
26/06/2020 21:30;4.044537303
26/06/2020 22:00;4.017415704
26/06/2020 22:30;4.207972263
26/06/2020 23:00;4.166472571
26/06/2020 23:30;4.368240815
27/06/2020 00:00;4.341782789
27/06/2020 00:30;4.524855403
27/06/2020 01:00;4.632939629
27/06/2020 01:30;4.58594794
27/06/2020 02:00;4.704693323
27/06/2020 02:30;4.879399475
27/06/2020 03:00;5.016043608
27/06/2020 03:30;4.857668462
27/06/2020 04:00;4.778892885
27/06/2020 04:30;5.129327181
27/06/2020 05:00;5.183369205
27/06/2020 05:30;5.425164849
27/06/2020 06:00;4.489086778
27/06/2020 06:30;4.564290272
27/06/2020 07:00;4.445418441
27/06/2020 07:30;4.537169798
27/06/2020 08:00;4.470857206
27/06/2020 08:30;4.522627435
27/06/2020 09:00;4.173441263
27/06/2020 09:30;4.27229111
27/06/2020 10:00;4.279333494
27/06/2020 10:30;4.153341411
27/06/2020 11:00;4.078368748
27/06/2020 11:30;4.232529909
27/06/2020 12:00;3.898451823
27/06/2020 12:30;4.304642527
27/06/2020 13:00;4.416133061
27/06/2020 13:30;4.528347993
27/06/2020 14:00;4.873633377
27/06/2020 14:30;4.870257882
27/06/2020 15:00;4.458575269
27/06/2020 15:30;4.326922502
27/06/2020 16:00;4.340051733
27/06/2020 16:30;3.939376576
27/06/2020 17:00;4.172581186
27/06/2020 17:30;4.05146135
27/06/2020 18:00;9.09216495
27/06/2020 18:30;5.118729744
27/06/2020 19:00;4.22541794
27/06/2020 19:30;3.963147319
27/06/2020 20:00;3.773103023
27/06/2020 20:30;4.001933301
27/06/2020 21:00;4.329211215
27/06/2020 21:30;4.065845718
27/06/2020 22:00;4.106441769
27/06/2020 22:30;4.485366161
27/06/2020 23:00;4.246666015
27/06/2020 23:30;4.461229706
28/06/2020 00:00;4.548205586
28/06/2020 00:30;4.601925369
28/06/2020 01:00;4.719405038
28/06/2020 01:30;4.652090469
28/06/2020 02:00;4.676165979
28/06/2020 02:30;5.015747942
28/06/2020 03:00;4.963381276
28/06/2020 03:30;5.037772149
28/06/2020 04:00;4.784202726
28/06/2020 04:30;4.810244769
28/06/2020 05:00;4.790941431
28/06/2020 05:30;4.765718022
28/06/2020 06:00;4.376944266
28/06/2020 06:30;4.51331171
28/06/2020 07:00;4.851238161
28/06/2020 07:30;4.359261418
28/06/2020 08:00;4.391086577
28/06/2020 08:30;4.384409443
28/06/2020 09:00;4.403765282
28/06/2020 09:30;4.416544817
28/06/2020 10:00;4.396268166
28/06/2020 10:30;4.4426186
28/06/2020 11:00;4.197466569
28/06/2020 11:30;4.371810484
28/06/2020 12:00;3.800547279
28/06/2020 12:30;4.241260125
28/06/2020 13:00;4.386569411
28/06/2020 13:30;4.265287749
28/06/2020 14:00;4.369866109
28/06/2020 14:30;4.241847678
28/06/2020 15:00;4.375294479
28/06/2020 15:30;4.102524802
28/06/2020 16:00;4.215145924
28/06/2020 16:30;4.971334863
28/06/2020 17:00;4.948212584
28/06/2020 17:30;13.97701141
28/06/2020 18:00;11.294464
28/06/2020 18:30;12.44660722
28/06/2020 19:00;6.406105522
28/06/2020 19:30;4.373540413
28/06/2020 20:00;3.981968299
28/06/2020 20:30;3.771286896
28/06/2020 21:00;3.812480207
28/06/2020 21:30;4.016055852
28/06/2020 22:00;3.956963395
28/06/2020 22:30;4.22474619
28/06/2020 23:00;3.92677053
28/06/2020 23:30;3.903537648
29/06/2020 00:00;3.917437575
29/06/2020 00:30;4.153770766
29/06/2020 01:00;4.168761057
29/06/2020 01:30;4.282709782
29/06/2020 02:00;4.2548564
29/06/2020 02:30;3.887435376
29/06/2020 03:00;1.910177508
29/06/2020 03:30;2.378615622
29/06/2020 04:00;1.482388386
29/06/2020 04:30;1.975268918
29/06/2020 05:00;3.080023575
29/06/2020 05:30;4.337143379
29/06/2020 06:00;4.505642525
29/06/2020 06:30;5.397953622
29/06/2020 07:00;5.937580289
29/06/2020 07:30;5.547371796
29/06/2020 08:00;4.742334144
29/06/2020 08:30;3.791353445
29/06/2020 09:00;3.802160863
29/06/2020 09:30;3.898946718
29/06/2020 10:00;4.104093874
29/06/2020 10:30;3.932770144
29/06/2020 11:00;4.370386561
29/06/2020 11:30;4.140606094
29/06/2020 12:00;4.25099267
29/06/2020 12:30;4.094230135
29/06/2020 13:00;4.02703733
29/06/2020 13:30;4.039452178
29/06/2020 14:00;3.981056147
29/06/2020 14:30;4.048418481
29/06/2020 15:00;4.079329749
29/06/2020 15:30;3.916114711
29/06/2020 16:00;4.161342681
29/06/2020 16:30;4.41069219
29/06/2020 17:00;6.095152916
29/06/2020 17:30;4.542092915
29/06/2020 18:00;8.346723337
29/06/2020 18:30;4.843212575
29/06/2020 19:00;4.294369946
29/06/2020 19:30;3.552384998
29/06/2020 20:00;3.609629881
29/06/2020 20:30;3.562334679
29/06/2020 21:00;3.613832802
29/06/2020 21:30;3.803550655
29/06/2020 22:00;3.635865874
29/06/2020 22:30;4.028424374
29/06/2020 23:00;3.54807089
29/06/2020 23:30;3.681930622
30/06/2020 00:00;3.687796777
30/06/2020 00:30;3.600786799
30/06/2020 01:00;3.853214144
30/06/2020 01:30;3.838150519
30/06/2020 02:00;3.702131339
30/06/2020 02:30;3.028041483
30/06/2020 03:00;2.289576519
30/06/2020 03:30;1.676045216
30/06/2020 04:00;0.796184086
30/06/2020 04:30;0.488066768
30/06/2020 05:00;2.850515334
30/06/2020 05:30;4.220457803
30/06/2020 06:00;3.992537076
30/06/2020 06:30;4.437978379
30/06/2020 07:00;4.224103873
30/06/2020 07:30;6.78708569
30/06/2020 08:00;5.52618842
30/06/2020 08:30;4.758145713
30/06/2020 09:00;3.781370849
30/06/2020 09:30;3.807221543
30/06/2020 10:00;3.972983711
30/06/2020 10:30;3.961329512
30/06/2020 11:00;3.764199695
30/06/2020 11:30;3.553221619
30/06/2020 12:00;3.485759398
30/06/2020 12:30;3.516136712
30/06/2020 13:00;3.629446291
30/06/2020 13:30;3.421529977
30/06/2020 14:00;3.637186534
30/06/2020 14:30;3.904095964
30/06/2020 15:00;4.189286054
30/06/2020 15:30;4.174992383
30/06/2020 16:00;4.126505601
30/06/2020 16:30;3.938485035
30/06/2020 17:00;4.309065718
30/06/2020 17:30;4.227590982
30/06/2020 18:00;5.351553742
30/06/2020 18:30;4.580920953
30/06/2020 19:00;4.08158206
30/06/2020 19:30;3.671845536
30/06/2020 20:00;3.569825356
30/06/2020 20:30;3.644951945
30/06/2020 21:00;3.669534329
30/06/2020 21:30;3.793920498
30/06/2020 22:00;3.732993037
30/06/2020 22:30;4.109509877
30/06/2020 23:00;3.903119911
30/06/2020 23:30;4.262374618
01/07/2020 00:00;4.225165069
